{"cameraMode":{"drawMode":0,"name":"Shaded","section":"Shading Mode"},"sceneLighting":true,"audioPlay":false,"sceneViewState":{"m_AlwaysRefresh":false,"showFog":true,"showSkybox":true,"showFlares":true,"showImageEffects":true,"showParticleSystems":true,"showVisualEffectGraphs":true,"m_FxEnabled":true},"in2DMode":false,"pivot":{"x":508.73651123046877,"y":294.2001647949219,"z":-650.9374389648438},"rotation":{"x":0.05277613550424576,"y":-0.947136640548706,"z":0.23027494549751283,"w":0.21707172691822053},"size":28.922481536865236,"orthographic":true}